{"train_loss": 0.0, "train_acc": 1.0, "_timestamp": 1661402087.8101194, "_runtime": 1133.157987356186, "_step": 14, "_wandb": {"runtime": 1171}}